/*M!999999\- enable the sandbox mode */ 
-- MariaDB dump 10.19-11.8.6-MariaDB, for debian-linux-gnu (x86_64)
--
-- Host: localhost    Database: sklad
-- ------------------------------------------------------
-- Server version	11.8.6-MariaDB-0+deb13u1 from Debian

/*!40101 SET @OLD_CHARACTER_SET_CLIENT=@@CHARACTER_SET_CLIENT */;
/*!40101 SET @OLD_CHARACTER_SET_RESULTS=@@CHARACTER_SET_RESULTS */;
/*!40101 SET @OLD_COLLATION_CONNECTION=@@COLLATION_CONNECTION */;
/*!40101 SET NAMES utf8mb4 */;
/*!40103 SET @OLD_TIME_ZONE=@@TIME_ZONE */;
/*!40103 SET TIME_ZONE='+00:00' */;
/*!40014 SET @OLD_UNIQUE_CHECKS=@@UNIQUE_CHECKS, UNIQUE_CHECKS=0 */;
/*!40014 SET @OLD_FOREIGN_KEY_CHECKS=@@FOREIGN_KEY_CHECKS, FOREIGN_KEY_CHECKS=0 */;
/*!40101 SET @OLD_SQL_MODE=@@SQL_MODE, SQL_MODE='NO_AUTO_VALUE_ON_ZERO' */;
/*M!100616 SET @OLD_NOTE_VERBOSITY=@@NOTE_VERBOSITY, NOTE_VERBOSITY=0 */;

--
-- Table structure for table `config`
--

DROP TABLE IF EXISTS `config`;
/*!40101 SET @saved_cs_client     = @@character_set_client */;
/*!40101 SET character_set_client = utf8mb4 */;
CREATE TABLE `config` (
  `key` varchar(50) NOT NULL,
  `value` varchar(255) NOT NULL,
  `author` varchar(255) DEFAULT NULL,
  PRIMARY KEY (`key`)
) ENGINE=InnoDB DEFAULT CHARSET=utf8mb4 COLLATE=utf8mb4_unicode_ci;
/*!40101 SET character_set_client = @saved_cs_client */;

--
-- Dumping data for table `config`
--

SET @OLD_AUTOCOMMIT=@@AUTOCOMMIT, @@AUTOCOMMIT=0;
LOCK TABLES `config` WRITE;
/*!40000 ALTER TABLE `config` DISABLE KEYS */;
INSERT INTO `config` VALUES
('closed_date','2026-05-07',NULL);
/*!40000 ALTER TABLE `config` ENABLE KEYS */;
UNLOCK TABLES;
COMMIT;
SET AUTOCOMMIT=@OLD_AUTOCOMMIT;

--
-- Table structure for table `materials`
--

DROP TABLE IF EXISTS `materials`;
/*!40101 SET @saved_cs_client     = @@character_set_client */;
/*!40101 SET character_set_client = utf8mb4 */;
CREATE TABLE `materials` (
  `id` int(10) unsigned NOT NULL AUTO_INCREMENT,
  `name` varchar(255) NOT NULL,
  `author` varchar(255) DEFAULT NULL,
  `created_at` timestamp NULL DEFAULT current_timestamp(),
  `updated_at` timestamp NULL DEFAULT current_timestamp() ON UPDATE current_timestamp(),
  PRIMARY KEY (`id`)
) ENGINE=InnoDB AUTO_INCREMENT=18 DEFAULT CHARSET=utf8mb4 COLLATE=utf8mb4_unicode_ci;
/*!40101 SET character_set_client = @saved_cs_client */;

--
-- Dumping data for table `materials`
--

SET @OLD_AUTOCOMMIT=@@AUTOCOMMIT, @@AUTOCOMMIT=0;
LOCK TABLES `materials` WRITE;
/*!40000 ALTER TABLE `materials` DISABLE KEYS */;
INSERT INTO `materials` VALUES
(11,'–ě–Ľ–ł–≤–į 0W40',NULL,'2026-05-08 06:56:05','2026-05-08 06:56:05'),
(12,'–ě–Ľ–ł–≤–į 80W90',NULL,'2026-05-08 06:56:05','2026-05-08 06:56:05'),
(13,'–ě–Ľ–ł–≤–į 15W40',NULL,'2026-05-08 06:56:05','2026-05-08 06:56:05'),
(14,'–ú–į—Ā—ā–ł–Ľ–ĺ –ú10–ď2–ö',NULL,'2026-05-08 06:56:05','2026-05-08 06:56:05'),
(15,'–ď—Ė–ī—Ä–į–≤–Ľ—Ė–ļ–į',NULL,'2026-05-08 06:56:05','2026-05-08 06:56:05'),
(16,'–ú–į—Ā—ā–ł–Ľ–ĺ –ú6–ó10–í',NULL,'2026-05-08 06:56:05','2026-05-08 06:56:05'),
(17,'–Ē–ł–∑–Ņ–į–Ľ–ł–≤–ĺ',NULL,'2026-05-09 14:40:11','2026-05-09 14:40:11');
/*!40000 ALTER TABLE `materials` ENABLE KEYS */;
UNLOCK TABLES;
COMMIT;
SET AUTOCOMMIT=@OLD_AUTOCOMMIT;

--
-- Table structure for table `movements`
--

DROP TABLE IF EXISTS `movements`;
/*!40101 SET @saved_cs_client     = @@character_set_client */;
/*!40101 SET character_set_client = utf8mb4 */;
CREATE TABLE `movements` (
  `id` int(10) unsigned NOT NULL AUTO_INCREMENT,
  `movement_date` date NOT NULL,
  `warehouse_from_id` int(10) unsigned DEFAULT NULL,
  `warehouse_to_id` int(10) unsigned DEFAULT NULL,
  `material_id` int(10) unsigned NOT NULL,
  `quantity` decimal(15,2) NOT NULL,
  `note` text DEFAULT NULL,
  `author` varchar(255) DEFAULT NULL,
  `created_at` timestamp NULL DEFAULT current_timestamp(),
  `updated_at` timestamp NULL DEFAULT current_timestamp() ON UPDATE current_timestamp(),
  `resource_log_id` int(10) unsigned DEFAULT NULL,
  `resource_value` decimal(15,6) DEFAULT NULL,
  `resource_delta` decimal(15,6) DEFAULT NULL,
  `resource_rate` decimal(15,6) DEFAULT NULL,
  `resource_correction` decimal(6,2) DEFAULT NULL,
  PRIMARY KEY (`id`),
  KEY `idx_movement_date` (`movement_date`),
  KEY `idx_warehouse_from` (`warehouse_from_id`),
  KEY `idx_warehouse_to` (`warehouse_to_id`),
  KEY `idx_material` (`material_id`),
  KEY `idx_resource_log` (`resource_log_id`),
  CONSTRAINT `fk_movement_material` FOREIGN KEY (`material_id`) REFERENCES `materials` (`id`),
  CONSTRAINT `fk_movement_resource_log` FOREIGN KEY (`resource_log_id`) REFERENCES `resource_logs` (`id`) ON DELETE SET NULL,
  CONSTRAINT `fk_movement_warehouse_from` FOREIGN KEY (`warehouse_from_id`) REFERENCES `warehouses` (`id`),
  CONSTRAINT `fk_movement_warehouse_to` FOREIGN KEY (`warehouse_to_id`) REFERENCES `warehouses` (`id`),
  CONSTRAINT `chk_at_least_one_warehouse` CHECK (`warehouse_from_id` is not null or `warehouse_to_id` is not null),
  CONSTRAINT `chk_different_warehouses` CHECK (`warehouse_from_id` is null or `warehouse_to_id` is null or `warehouse_from_id` <> `warehouse_to_id`),
  CONSTRAINT `chk_positive_quantity` CHECK (`quantity` > 0)
) ENGINE=InnoDB AUTO_INCREMENT=126 DEFAULT CHARSET=utf8mb4 COLLATE=utf8mb4_unicode_ci;
/*!40101 SET character_set_client = @saved_cs_client */;

--
-- Dumping data for table `movements`
--

SET @OLD_AUTOCOMMIT=@@AUTOCOMMIT, @@AUTOCOMMIT=0;
LOCK TABLES `movements` WRITE;
/*!40000 ALTER TABLE `movements` DISABLE KEYS */;
INSERT INTO `movements` VALUES
(12,'2025-01-01',5,47,13,20.00,'–ī–≤–ł–≥—É–Ĺ –Ĺ–į 4000 –ļ–ľ',NULL,'2026-05-08 07:16:39','2026-05-08 07:16:39',NULL,NULL,NULL,NULL,NULL),
(13,'2025-01-01',5,47,12,18.00,'–ö–ü–ü –Ĺ–į 4000 –ļ–ľ',NULL,'2026-05-08 07:16:39','2026-05-08 07:16:39',NULL,NULL,NULL,NULL,NULL),
(14,'2025-01-01',5,49,13,20.00,'–ī–≤–ł–≥—É–Ĺ –Ĺ–į 4000 –ļ–ľ',NULL,'2026-05-08 07:16:39','2026-05-08 07:16:39',NULL,NULL,NULL,NULL,NULL),
(15,'2025-01-01',5,49,12,18.00,'–ö–ü–ü –Ĺ–į 4000 –ļ–ľ',NULL,'2026-05-08 07:16:39','2026-05-08 07:16:39',NULL,NULL,NULL,NULL,NULL),
(16,'2025-01-01',5,48,13,20.00,'–ī–≤–ł–≥—É–Ĺ –Ĺ–į 4000 –ļ–ľ',NULL,'2026-05-08 07:16:39','2026-05-08 07:16:39',NULL,NULL,NULL,NULL,NULL),
(17,'2025-01-01',5,48,12,18.00,'–ö–ü–ü –Ĺ–į 4000 –ļ–ľ',NULL,'2026-05-08 07:16:39','2026-05-08 07:16:39',NULL,NULL,NULL,NULL,NULL),
(18,'2025-01-01',NULL,5,13,60.00,'–Ĺ–į –∑–į–ľ—Ė–Ĺ–ł –Ņ–ĺ DAEWOO',NULL,'2026-05-08 07:16:39','2026-05-09 20:15:45',NULL,NULL,NULL,NULL,NULL),
(19,'2025-01-01',NULL,5,12,54.00,'–Ĺ–į –∑–į–ľ—Ė–Ĺ–ł –Ņ–ĺ DAEWOO',NULL,'2026-05-08 07:16:39','2026-05-09 20:15:41',NULL,NULL,NULL,NULL,NULL),
(20,'2025-06-01',5,47,12,8.00,'—Ä–ĺ–∑–ī–į—ā–ļ–į –Ĺ–į 5000 –ļ–ľ',NULL,'2026-05-08 07:16:39','2026-05-08 07:16:39',NULL,NULL,NULL,NULL,NULL),
(21,'2025-06-01',5,47,12,14.00,'–Ņ–Ķ—Ä–Ķ–ī–Ĺ—Ė–Ļ –ľ—Ė—Ā—ā –Ĺ–į 5000 –ļ–ľ',NULL,'2026-05-08 07:16:39','2026-05-08 07:16:39',NULL,NULL,NULL,NULL,NULL),
(22,'2025-06-01',5,47,12,14.00,'—Ā–Ķ—Ä–Ķ–ī–Ĺ—Ė–Ļ –ľ—Ė—Ā—ā –Ĺ–į 5000 –ļ–ľ',NULL,'2026-05-08 07:16:39','2026-05-08 07:16:39',NULL,NULL,NULL,NULL,NULL),
(23,'2025-06-01',5,47,12,12.00,'–∑–į–ī–Ĺ—Ė–Ļ –ľ—Ė—Ā—ā –Ĺ–į 5000 –ļ–ľ',NULL,'2026-05-08 07:16:39','2026-05-08 07:16:39',NULL,NULL,NULL,NULL,NULL),
(24,'2025-06-01',5,49,12,8.00,'—Ä–ĺ–∑–ī–į—ā–ļ–į –Ĺ–į 5000 –ļ–ľ',NULL,'2026-05-08 07:16:39','2026-05-08 07:16:39',NULL,NULL,NULL,NULL,NULL),
(25,'2025-06-01',5,49,12,14.00,'–Ņ–Ķ—Ä–Ķ–ī–Ĺ—Ė–Ļ –ľ—Ė—Ā—ā –Ĺ–į 5000 –ļ–ľ',NULL,'2026-05-08 07:16:39','2026-05-08 07:16:39',NULL,NULL,NULL,NULL,NULL),
(26,'2025-06-01',5,49,12,14.00,'—Ā–Ķ—Ä–Ķ–ī–Ĺ—Ė–Ļ –ľ—Ė—Ā—ā –Ĺ–į 5000 –ļ–ľ',NULL,'2026-05-08 07:16:39','2026-05-08 07:16:39',NULL,NULL,NULL,NULL,NULL),
(27,'2025-06-01',5,49,12,12.00,'–∑–į–ī–Ĺ—Ė–Ļ –ľ—Ė—Ā—ā –Ĺ–į 5000 –ļ–ľ',NULL,'2026-05-08 07:16:39','2026-05-08 07:16:39',NULL,NULL,NULL,NULL,NULL),
(28,'2025-06-01',5,48,12,8.00,'—Ä–ĺ–∑–ī–į—ā–ļ–į –Ĺ–į 5000 –ļ–ľ',NULL,'2026-05-08 07:16:39','2026-05-08 07:16:39',NULL,NULL,NULL,NULL,NULL),
(29,'2025-06-01',5,48,12,14.00,'–Ņ–Ķ—Ä–Ķ–ī–Ĺ—Ė–Ļ –ľ—Ė—Ā—ā –Ĺ–į 5000 –ļ–ľ',NULL,'2026-05-08 07:16:39','2026-05-08 07:16:39',NULL,NULL,NULL,NULL,NULL),
(30,'2025-06-01',5,48,12,14.00,'—Ā–Ķ—Ä–Ķ–ī–Ĺ—Ė–Ļ –ľ—Ė—Ā—ā –Ĺ–į 5000 –ļ–ľ',NULL,'2026-05-08 07:16:39','2026-05-08 07:16:39',NULL,NULL,NULL,NULL,NULL),
(31,'2025-06-01',5,48,12,12.00,'–∑–į–ī–Ĺ—Ė–Ļ –ľ—Ė—Ā—ā –Ĺ–į 5000 –ļ–ľ',NULL,'2026-05-08 07:16:39','2026-05-08 07:16:39',NULL,NULL,NULL,NULL,NULL),
(32,'2026-03-31',NULL,5,13,230.00,'–Ņ–ĺ—á–į—ā–ļ–ĺ–≤—Ė –ī–į–Ĺ—Ė',NULL,'2026-05-08 07:16:39','2026-05-08 07:16:39',NULL,NULL,NULL,NULL,NULL),
(33,'2026-03-31',NULL,5,14,30.00,'–Ņ–ĺ—á–į—ā–ļ–ĺ–≤—Ė –ī–į–Ĺ—Ė',NULL,'2026-05-08 07:16:39','2026-05-08 07:16:39',NULL,NULL,NULL,NULL,NULL),
(34,'2026-03-31',NULL,5,15,50.00,'–Ņ–ĺ—á–į—ā–ļ–ĺ–≤—Ė –ī–į–Ĺ—Ė',NULL,'2026-05-08 07:16:39','2026-05-08 07:16:39',NULL,NULL,NULL,NULL,NULL),
(35,'2026-04-23',NULL,5,11,20.00,'',NULL,'2026-05-08 07:16:39','2026-05-09 20:15:30',NULL,NULL,NULL,NULL,NULL),
(36,'2026-04-23',NULL,5,12,10.00,'',NULL,'2026-05-08 07:16:39','2026-05-09 20:15:24',NULL,NULL,NULL,NULL,NULL),
(37,'2026-04-24',5,32,13,40.00,'–∑–į–ľ—Ė–Ĺ–į –≤ –ī–≤–ł–≥—É–Ĺ—Ė –Ĺ–į 24908 –ļ–ľ —Ė –ī–ĺ–Ľ–ł–≤ –≤ –ď–£–†',NULL,'2026-05-08 07:16:39','2026-05-08 07:16:39',NULL,NULL,NULL,NULL,NULL),
(38,'2026-04-24',5,41,13,40.00,'–∑–į–ľ—Ė–Ĺ–į –≤ –ī–≤–ł–≥—É–Ĺ—Ė –Ĺ–į 31062 –ļ–ľ —Ė –ī–ĺ–Ľ–ł–≤ –≤ –ź–ö–ü–ü —Ė –ď–£–†',NULL,'2026-05-08 07:16:39','2026-05-08 07:16:39',NULL,NULL,NULL,NULL,NULL),
(39,'2026-04-24',5,50,14,30.00,'–Ĺ–į 43439 –ļ–ľ',NULL,'2026-05-08 07:16:39','2026-05-08 07:16:39',NULL,NULL,NULL,NULL,NULL),
(40,'2026-05-02',NULL,5,14,20.00,'',NULL,'2026-05-08 07:16:39','2026-05-09 20:15:18',NULL,NULL,NULL,NULL,NULL),
(41,'2025-06-01',NULL,5,12,144.00,'–Ĺ–į –∑–į–ľ—Ė–Ĺ–ł –Ņ–ĺ DAEWOO',NULL,'2026-05-08 07:16:39','2026-05-09 20:15:35',NULL,NULL,NULL,NULL,NULL),
(42,'2026-05-07',5,24,13,30.00,'–∑–į–ľ—Ė–Ĺ–į –Ĺ–į 43369 –ļ–ľ',NULL,'2026-05-08 07:16:39','2026-05-08 07:16:39',NULL,NULL,NULL,NULL,NULL),
(112,'2026-05-01',50,NULL,14,30.00,'',NULL,'2026-05-10 13:52:06','2026-05-10 13:52:06',NULL,NULL,NULL,NULL,NULL),
(113,'2026-05-01',47,NULL,13,20.00,'',NULL,'2026-05-10 13:53:00','2026-05-10 13:53:00',NULL,NULL,NULL,NULL,NULL),
(114,'2026-05-01',48,NULL,13,20.00,'',NULL,'2026-05-10 13:53:17','2026-05-10 13:53:17',NULL,NULL,NULL,NULL,NULL),
(115,'2026-05-01',49,NULL,13,20.00,'',NULL,'2026-05-10 13:53:34','2026-05-10 13:53:34',NULL,NULL,NULL,NULL,NULL),
(116,'2026-05-01',41,NULL,13,40.00,'',NULL,'2026-05-10 13:54:15','2026-05-10 14:01:58',NULL,NULL,NULL,NULL,NULL),
(117,'2026-05-07',24,NULL,13,30.00,'',NULL,'2026-05-10 13:54:45','2026-05-10 14:02:20',NULL,NULL,NULL,NULL,NULL),
(118,'2026-05-01',32,NULL,13,40.00,'',NULL,'2026-05-10 13:55:08','2026-05-10 13:55:08',NULL,NULL,NULL,NULL,NULL),
(119,'2026-05-01',47,NULL,12,66.00,'',NULL,'2026-05-10 13:55:44','2026-05-10 13:55:44',NULL,NULL,NULL,NULL,NULL),
(120,'2026-05-01',48,NULL,12,66.00,'',NULL,'2026-05-10 13:55:58','2026-05-10 13:55:58',NULL,NULL,NULL,NULL,NULL),
(121,'2026-05-01',49,NULL,12,66.00,'',NULL,'2026-05-10 13:56:11','2026-05-10 13:56:11',NULL,NULL,NULL,NULL,NULL),
(123,'2026-05-11',47,NULL,17,102.00,'–†–ĺ–∑—Ä. (200 –ļ–ľ, –Ě—Ä 0.51), –Ņ—Ä–ĺ–≥–ĺ–Ĺ',NULL,'2026-05-11 08:59:54','2026-05-11 08:59:54',21,1200.000000,200.000000,0.510000,0.00),
(124,'2026-05-09',5,47,17,200.00,'',NULL,'2026-05-11 09:00:45','2026-05-11 09:00:45',NULL,NULL,NULL,NULL,NULL);
/*!40000 ALTER TABLE `movements` ENABLE KEYS */;
UNLOCK TABLES;
COMMIT;
SET AUTOCOMMIT=@OLD_AUTOCOMMIT;

--
-- Table structure for table `resource_logs`
--

DROP TABLE IF EXISTS `resource_logs`;
/*!40101 SET @saved_cs_client     = @@character_set_client */;
/*!40101 SET character_set_client = utf8mb4 */;
CREATE TABLE `resource_logs` (
  `id` int(10) unsigned NOT NULL AUTO_INCREMENT,
  `warehouse_id` int(10) unsigned NOT NULL,
  `resource_type_id` int(10) unsigned NOT NULL,
  `log_date` date NOT NULL,
  `reading` decimal(15,6) NOT NULL,
  `prev_reading` decimal(15,6) DEFAULT NULL,
  `delta` decimal(15,6) DEFAULT NULL,
  `correction_pct` decimal(6,2) DEFAULT 0.00,
  `note` text DEFAULT NULL,
  `author` varchar(255) DEFAULT NULL,
  `created_at` timestamp NULL DEFAULT current_timestamp(),
  PRIMARY KEY (`id`),
  KEY `idx_log_wh_res` (`warehouse_id`,`resource_type_id`,`log_date`),
  KEY `resource_type_id` (`resource_type_id`),
  CONSTRAINT `resource_logs_ibfk_1` FOREIGN KEY (`warehouse_id`) REFERENCES `warehouses` (`id`) ON DELETE CASCADE,
  CONSTRAINT `resource_logs_ibfk_2` FOREIGN KEY (`resource_type_id`) REFERENCES `resource_types` (`id`) ON DELETE CASCADE
) ENGINE=InnoDB AUTO_INCREMENT=22 DEFAULT CHARSET=utf8mb4 COLLATE=utf8mb4_unicode_ci;
/*!40101 SET character_set_client = @saved_cs_client */;

--
-- Dumping data for table `resource_logs`
--

SET @OLD_AUTOCOMMIT=@@AUTOCOMMIT, @@AUTOCOMMIT=0;
LOCK TABLES `resource_logs` WRITE;
/*!40000 ALTER TABLE `resource_logs` DISABLE KEYS */;
INSERT INTO `resource_logs` VALUES
(16,47,1,'2026-05-10',1000.000000,NULL,NULL,0.00,'',NULL,'2026-05-10 12:32:32'),
(21,47,1,'2026-05-11',1200.000000,1000.000000,200.000000,0.00,'–Ņ—Ä–ĺ–≥–ĺ–Ĺ',NULL,'2026-05-11 08:59:54');
/*!40000 ALTER TABLE `resource_logs` ENABLE KEYS */;
UNLOCK TABLES;
COMMIT;
SET AUTOCOMMIT=@OLD_AUTOCOMMIT;

--
-- Table structure for table `resource_rates`
--

DROP TABLE IF EXISTS `resource_rates`;
/*!40101 SET @saved_cs_client     = @@character_set_client */;
/*!40101 SET character_set_client = utf8mb4 */;
CREATE TABLE `resource_rates` (
  `id` int(10) unsigned NOT NULL AUTO_INCREMENT,
  `warehouse_id` int(10) unsigned NOT NULL,
  `resource_type_id` int(10) unsigned NOT NULL,
  `material_id` int(10) unsigned NOT NULL,
  `rate` decimal(15,6) NOT NULL,
  `source_warehouse_id` int(10) unsigned DEFAULT NULL,
  `spread_by_day` tinyint(1) NOT NULL DEFAULT 0,
  `author` varchar(255) DEFAULT NULL,
  PRIMARY KEY (`id`),
  UNIQUE KEY `uq_rate` (`warehouse_id`,`resource_type_id`,`material_id`),
  KEY `resource_type_id` (`resource_type_id`),
  KEY `material_id` (`material_id`),
  KEY `source_warehouse_id` (`source_warehouse_id`),
  CONSTRAINT `resource_rates_ibfk_1` FOREIGN KEY (`warehouse_id`) REFERENCES `warehouses` (`id`) ON DELETE CASCADE,
  CONSTRAINT `resource_rates_ibfk_2` FOREIGN KEY (`resource_type_id`) REFERENCES `resource_types` (`id`) ON DELETE CASCADE,
  CONSTRAINT `resource_rates_ibfk_3` FOREIGN KEY (`material_id`) REFERENCES `materials` (`id`),
  CONSTRAINT `resource_rates_ibfk_4` FOREIGN KEY (`source_warehouse_id`) REFERENCES `warehouses` (`id`) ON DELETE SET NULL
) ENGINE=InnoDB AUTO_INCREMENT=13 DEFAULT CHARSET=utf8mb4 COLLATE=utf8mb4_unicode_ci;
/*!40101 SET character_set_client = @saved_cs_client */;

--
-- Dumping data for table `resource_rates`
--

SET @OLD_AUTOCOMMIT=@@AUTOCOMMIT, @@AUTOCOMMIT=0;
LOCK TABLES `resource_rates` WRITE;
/*!40000 ALTER TABLE `resource_rates` DISABLE KEYS */;
INSERT INTO `resource_rates` VALUES
(10,47,1,17,0.510000,NULL,0,NULL),
(11,47,2,14,1.000000,NULL,0,NULL);
/*!40000 ALTER TABLE `resource_rates` ENABLE KEYS */;
UNLOCK TABLES;
COMMIT;
SET AUTOCOMMIT=@OLD_AUTOCOMMIT;

--
-- Table structure for table `resource_types`
--

DROP TABLE IF EXISTS `resource_types`;
/*!40101 SET @saved_cs_client     = @@character_set_client */;
/*!40101 SET character_set_client = utf8mb4 */;
CREATE TABLE `resource_types` (
  `id` int(10) unsigned NOT NULL AUTO_INCREMENT,
  `name` varchar(100) NOT NULL,
  `unit` varchar(30) NOT NULL,
  `format` varchar(10) NOT NULL DEFAULT 'int',
  `author` varchar(255) DEFAULT NULL,
  `created_at` timestamp NULL DEFAULT current_timestamp(),
  PRIMARY KEY (`id`)
) ENGINE=InnoDB AUTO_INCREMENT=3 DEFAULT CHARSET=utf8mb4 COLLATE=utf8mb4_unicode_ci;
/*!40101 SET character_set_client = @saved_cs_client */;

--
-- Dumping data for table `resource_types`
--

SET @OLD_AUTOCOMMIT=@@AUTOCOMMIT, @@AUTOCOMMIT=0;
LOCK TABLES `resource_types` WRITE;
/*!40000 ALTER TABLE `resource_types` DISABLE KEYS */;
INSERT INTO `resource_types` VALUES
(1,'–ü—Ä–ĺ–Ī—Ė–≥','–ļ–ľ','int',NULL,'2026-05-09 14:38:37'),
(2,'–ú–ĺ—ā–ĺ–≥–ĺ–ī–ł–Ĺ–ł','–≥–ĺ–ī','hm',NULL,'2026-05-09 14:38:37');
/*!40000 ALTER TABLE `resource_types` ENABLE KEYS */;
UNLOCK TABLES;
COMMIT;
SET AUTOCOMMIT=@OLD_AUTOCOMMIT;

--
-- Table structure for table `warehouse_resources`
--

DROP TABLE IF EXISTS `warehouse_resources`;
/*!40101 SET @saved_cs_client     = @@character_set_client */;
/*!40101 SET character_set_client = utf8mb4 */;
CREATE TABLE `warehouse_resources` (
  `id` int(10) unsigned NOT NULL AUTO_INCREMENT,
  `warehouse_id` int(10) unsigned NOT NULL,
  `resource_type_id` int(10) unsigned NOT NULL,
  `author` varchar(255) DEFAULT NULL,
  PRIMARY KEY (`id`),
  UNIQUE KEY `uq_wh_res` (`warehouse_id`,`resource_type_id`),
  KEY `resource_type_id` (`resource_type_id`),
  CONSTRAINT `warehouse_resources_ibfk_1` FOREIGN KEY (`warehouse_id`) REFERENCES `warehouses` (`id`) ON DELETE CASCADE,
  CONSTRAINT `warehouse_resources_ibfk_2` FOREIGN KEY (`resource_type_id`) REFERENCES `resource_types` (`id`) ON DELETE CASCADE
) ENGINE=InnoDB AUTO_INCREMENT=6 DEFAULT CHARSET=utf8mb4 COLLATE=utf8mb4_unicode_ci;
/*!40101 SET character_set_client = @saved_cs_client */;

--
-- Dumping data for table `warehouse_resources`
--

SET @OLD_AUTOCOMMIT=@@AUTOCOMMIT, @@AUTOCOMMIT=0;
LOCK TABLES `warehouse_resources` WRITE;
/*!40000 ALTER TABLE `warehouse_resources` DISABLE KEYS */;
INSERT INTO `warehouse_resources` VALUES
(4,47,1,NULL);
/*!40000 ALTER TABLE `warehouse_resources` ENABLE KEYS */;
UNLOCK TABLES;
COMMIT;
SET AUTOCOMMIT=@OLD_AUTOCOMMIT;

--
-- Table structure for table `warehouses`
--

DROP TABLE IF EXISTS `warehouses`;
/*!40101 SET @saved_cs_client     = @@character_set_client */;
/*!40101 SET character_set_client = utf8mb4 */;
CREATE TABLE `warehouses` (
  `id` int(10) unsigned NOT NULL AUTO_INCREMENT,
  `name` varchar(255) NOT NULL,
  `author` varchar(255) DEFAULT NULL,
  `created_at` timestamp NULL DEFAULT current_timestamp(),
  `updated_at` timestamp NULL DEFAULT current_timestamp() ON UPDATE current_timestamp(),
  PRIMARY KEY (`id`)
) ENGINE=InnoDB AUTO_INCREMENT=51 DEFAULT CHARSET=utf8mb4 COLLATE=utf8mb4_unicode_ci;
/*!40101 SET character_set_client = @saved_cs_client */;

--
-- Dumping data for table `warehouses`
--

SET @OLD_AUTOCOMMIT=@@AUTOCOMMIT, @@AUTOCOMMIT=0;
LOCK TABLES `warehouses` WRITE;
/*!40000 ALTER TABLE `warehouses` DISABLE KEYS */;
INSERT INTO `warehouses` VALUES
(5,'C–ļ–Ľ–į–ī –ü–ú–ú','2026.05.11, –°–Ķ—Ä–≥—Ė–Ļ –°–Ľ–ĺ–Ī–ĺ–ī—Ź–Ĺ','2026-05-08 06:51:05','2026-05-11 14:38:54'),
(6,'–íCP ‚ĄĖ730203',NULL,'2026-05-08 06:51:05','2026-05-08 11:22:43'),
(7,'–°WAR ‚ĄĖ720201',NULL,'2026-05-08 06:51:05','2026-05-08 11:22:33'),
(8,'MEP-1071 A160906228',NULL,'2026-05-08 06:51:05','2026-05-08 06:51:05'),
(9,'MEP-1071 A160906230',NULL,'2026-05-08 06:51:05','2026-05-08 06:51:05'),
(10,'MEP-1071 A160906238',NULL,'2026-05-08 06:51:05','2026-05-08 06:51:05'),
(11,'MEP-1071A C200746325',NULL,'2026-05-08 06:51:05','2026-05-08 06:51:05'),
(12,'MEP-1071A C200746326',NULL,'2026-05-08 06:51:05','2026-05-08 06:51:05'),
(13,'MEP-1071A C200746327',NULL,'2026-05-08 06:51:05','2026-05-08 06:51:05'),
(14,'HPI 740293',NULL,'2026-05-08 06:51:05','2026-05-08 06:51:05'),
(15,'HPI 720201',NULL,'2026-05-08 06:51:05','2026-05-08 06:51:05'),
(16,'DLN ‚ĄĖ275002',NULL,'2026-05-08 06:51:05','2026-05-08 06:51:05'),
(17,'DLN ‚ĄĖ340122',NULL,'2026-05-08 06:51:05','2026-05-08 06:51:05'),
(18,'DLN ‚ĄĖ380240',NULL,'2026-05-08 06:51:05','2026-05-08 06:51:05'),
(19,'DLN ‚ĄĖ380242',NULL,'2026-05-08 06:51:05','2026-05-08 06:51:05'),
(20,'DLN ‚ĄĖ400276',NULL,'2026-05-08 06:51:05','2026-05-08 06:51:05'),
(21,'DLN ‚ĄĖ400319',NULL,'2026-05-08 06:51:05','2026-05-08 06:51:05'),
(22,'LOADER ‚ĄĖ10056',NULL,'2026-05-08 06:51:05','2026-05-08 06:51:05'),
(23,'LOADER ‚ĄĖ600027',NULL,'2026-05-08 06:51:05','2026-05-08 06:51:05'),
(24,'OSHKOSH 74-25',NULL,'2026-05-08 06:51:05','2026-05-08 06:51:05'),
(25,'OSHKOSH 74-32',NULL,'2026-05-08 06:51:05','2026-05-08 06:51:05'),
(26,'OSHKOSH 74-38',NULL,'2026-05-08 06:51:05','2026-05-08 06:51:05'),
(27,'OSHKOSH 74-33',NULL,'2026-05-08 06:51:05','2026-05-08 06:51:05'),
(28,'OSHKOSH 74-35',NULL,'2026-05-08 06:51:05','2026-05-08 06:51:05'),
(29,'OSHKOSH 74-12',NULL,'2026-05-08 06:51:05','2026-05-08 06:51:05'),
(30,'OSHKOSH 74-28',NULL,'2026-05-08 06:51:05','2026-05-08 06:51:05'),
(31,'OSHKOSH 74-36',NULL,'2026-05-08 06:51:05','2026-05-08 06:51:05'),
(32,'OSHKOSH 74-37',NULL,'2026-05-08 06:51:05','2026-05-08 06:51:05'),
(33,'OSHKOSH 74-39',NULL,'2026-05-08 06:51:05','2026-05-08 06:51:05'),
(35,'OSHKOSH 74-10',NULL,'2026-05-08 06:51:05','2026-05-08 06:51:05'),
(36,'OSHKOSH 74-29',NULL,'2026-05-08 06:51:05','2026-05-08 06:51:05'),
(37,'OSHKOSH 74-06',NULL,'2026-05-08 06:51:05','2026-05-08 06:51:05'),
(38,'OSHKOSH 74-14',NULL,'2026-05-08 06:51:05','2026-05-08 06:51:05'),
(39,'OSHKOSH 74-21',NULL,'2026-05-08 06:51:05','2026-05-08 06:51:05'),
(40,'OSHKOSH 74-23',NULL,'2026-05-08 06:51:05','2026-05-08 06:51:05'),
(41,'OSHKOSH 74-17',NULL,'2026-05-08 06:51:05','2026-05-08 06:51:05'),
(42,'OSHKOSH 74-18',NULL,'2026-05-08 06:51:05','2026-05-08 06:51:05'),
(43,'OSHKOSH 74-20',NULL,'2026-05-08 06:51:05','2026-05-08 06:51:05'),
(44,'PLS on Trailer ‚ĄĖ00934',NULL,'2026-05-08 06:51:05','2026-05-08 06:51:05'),
(45,'PLS on Trailer ‚ĄĖ70248',NULL,'2026-05-08 06:51:05','2026-05-08 06:51:05'),
(46,'–ó–£ 23-2',NULL,'2026-05-08 06:51:05','2026-05-08 06:51:05'),
(47,'DAEWOO 72-45','2026.05.11, –°–Ķ—Ä–≥—Ė–Ļ –°–Ľ–ĺ–Ī–ĺ–ī—Ź–Ĺ','2026-05-08 06:51:05','2026-05-11 14:55:03'),
(48,'DAEWOO 72-47','2026.05.11, ip 100.100.123.77','2026-05-08 06:51:05','2026-05-11 14:49:21'),
(49,'DAEWOO 72-50',NULL,'2026-05-08 06:51:05','2026-05-08 06:51:05'),
(50,'–£—Ä–į–Ľ 70-39',NULL,'2026-05-08 06:51:05','2026-05-08 06:51:05');
/*!40000 ALTER TABLE `warehouses` ENABLE KEYS */;
UNLOCK TABLES;
COMMIT;
SET AUTOCOMMIT=@OLD_AUTOCOMMIT;
/*!40103 SET TIME_ZONE=@OLD_TIME_ZONE */;

/*!40101 SET SQL_MODE=@OLD_SQL_MODE */;
/*!40014 SET FOREIGN_KEY_CHECKS=@OLD_FOREIGN_KEY_CHECKS */;
/*!40014 SET UNIQUE_CHECKS=@OLD_UNIQUE_CHECKS */;
/*!40101 SET CHARACTER_SET_CLIENT=@OLD_CHARACTER_SET_CLIENT */;
/*!40101 SET CHARACTER_SET_RESULTS=@OLD_CHARACTER_SET_RESULTS */;
/*!40101 SET COLLATION_CONNECTION=@OLD_COLLATION_CONNECTION */;
/*M!100616 SET NOTE_VERBOSITY=@OLD_NOTE_VERBOSITY */;

-- Dump completed on 2026-05-11 19:20:52
